# year	leg	num	vol	url
2025	19	4	VOLUME I	https://documenti.camera.it/_dati/leg19/lavori/documentiparlamentari/IndiceETesti/067/004v01_RS/INTERO_COM.pdf
2025	19	4	VOLUME II	https://documenti.camera.it/_dati/leg19/lavori/documentiparlamentari/IndiceETesti/067/004v02_RS/INTERO_COM.pdf
2023	19	2	VOLUME I	https://documenti.camera.it/_dati/leg19/lavori/documentiparlamentari/IndiceETesti/067/002v01_RS/INTERO_COM.pdf
2023	19	2	VOLUME II	https://documenti.camera.it/_dati/leg19/lavori/documentiparlamentari/IndiceETesti/067/002v02_RS/INTERO_COM.pdf
2023	19	2	VOLUME III	https://documenti.camera.it/_dati/leg19/lavori/documentiparlamentari/IndiceETesti/067/002v03_RS/INTERO_COM.pdf
2022	19	1	VOLUME I	https://documenti.camera.it/_dati/leg19/lavori/documentiparlamentari/IndiceETesti/067/001v01/INTERO.pdf
2022	19	1	VOLUME II	https://documenti.camera.it/_dati/leg19/lavori/documentiparlamentari/IndiceETesti/067/001v02/INTERO.pdf
2021	18	5	TOMO I	https://documenti.camera.it/_dati/leg18/lavori/documentiparlamentari/IndiceETesti/067/005v01_t1_RS/INTERO_COM.pdf
2021	18	5	TOMO II	https://documenti.camera.it/_dati/leg18/lavori/documentiparlamentari/IndiceETesti/067/005v01_t2_RS/INTERO_COM.pdf
2021	18	5	VOLUME II	https://documenti.camera.it/_dati/leg18/lavori/documentiparlamentari/IndiceETesti/067/005v02_RS/INTERO_COM.pdf
2020	18	4	VOLUME I	https://documenti.camera.it/_dati/leg18/lavori/documentiparlamentari/IndiceETesti/067/004v01/INTERO.pdf
2020	18	4	VOLUME II	https://documenti.camera.it/_dati/leg18/lavori/documentiparlamentari/IndiceETesti/067/004v02/INTERO.pdf
2019	18	3	VOLUME I	https://documenti.camera.it/_dati/leg18/lavori/documentiparlamentari/IndiceETesti/067/003v01_RS/INTERO_COM.pdf
2019	18	3	VOLUME II	https://documenti.camera.it/_dati/leg18/lavori/documentiparlamentari/IndiceETesti/067/003v02_RS/INTERO_COM.pdf
2018	18	2	VOLUME I	https://documenti.camera.it/_dati/leg18/lavori/documentiparlamentari/IndiceETesti/067/002v01/INTERO.pdf
2018	18	2	VOLUME II	https://documenti.camera.it/_dati/leg18/lavori/documentiparlamentari/IndiceETesti/067/002v02/INTERO.pdf
2017	18	1	VOLUME I	https://documenti.camera.it/_dati/leg18/lavori/documentiparlamentari/IndiceETesti/067/001v01_RS/INTERO_COM.pdf
2017	18	1	VOLUME II	https://documenti.camera.it/_dati/leg18/lavori/documentiparlamentari/IndiceETesti/067/001v02_RS/INTERO_COM.pdf
2016	17	5	VOLUME I	https://documenti.camera.it/_dati/leg17/lavori/documentiparlamentari/IndiceETesti/067/005v01/INTERO.pdf
2016	17	5	VOLUME II	https://documenti.camera.it/_dati/leg17/lavori/documentiparlamentari/IndiceETesti/067/005v02/INTERO.pdf
2015	17	4	VOLUME I	https://documenti.camera.it/_dati/leg17/lavori/documentiparlamentari/IndiceETesti/067/004v01_RS/INTERO_COM.pdf
2015	17	4	VOLUME II	https://documenti.camera.it/_dati/leg17/lavori/documentiparlamentari/IndiceETesti/067/004v02_RS/INTERO_COM.pdf
2014	17	3	VOLUME I	https://documenti.camera.it/_dati/leg17/lavori/documentiparlamentari/IndiceETesti/067/003v01/INTERO.pdf
2014	17	3	VOLUME II	https://documenti.camera.it/_dati/leg17/lavori/documentiparlamentari/IndiceETesti/067/003v02/INTERO.pdf
2013	17	2	DOCUMENTO UNICO	https://documenti.camera.it/_dati/leg17/lavori/documentiparlamentari/IndiceETesti/067/002_RS/INTERO_COM.pdf
2012	17	1	VOLUME I	https://documenti.camera.it/_dati/leg17/lavori/documentiparlamentari/IndiceETesti/067/001v01/INTERO.pdf
2012	17	1	VOLUME II	https://documenti.camera.it/_dati/leg17/lavori/documentiparlamentari/IndiceETesti/067/001v02/INTERO.pdf
2012	17	1	VOLUME III	https://documenti.camera.it/_dati/leg17/lavori/documentiparlamentari/IndiceETesti/067/001v03/INTERO.pdf
2010	16	4	VOLUME I	https://documenti.camera.it/_dati/leg16/lavori/documentiparlamentari/IndiceETesti/067/004v01/INTERO.pdf
2010	16	4	VOLUME II	https://documenti.camera.it/_dati/leg16/lavori/documentiparlamentari/IndiceETesti/067/004v02/INTERO.pdf
2010	16	4	VOLUME III	https://documenti.camera.it/_dati/leg16/lavori/documentiparlamentari/IndiceETesti/067/004v03/INTERO.pdf
2008	16	2	VOLUME I	https://documenti.camera.it/_dati/leg16/lavori/documentiparlamentari/IndiceETesti/067/002v01/INTERO.pdf
2008	16	2	VOLUME II	https://documenti.camera.it/_dati/leg16/lavori/documentiparlamentari/IndiceETesti/067/002v02/INTERO.pdf
2008	16	2	VOLUME III	https://documenti.camera.it/_dati/leg16/lavori/documentiparlamentari/IndiceETesti/067/002v03/INTERO.pdf
2007	16	1	DOCUMENTO UNICO	https://documenti.camera.it/_dati/leg16/lavori/documentiparlamentari/IndiceETesti/067/001_RS/INTERO_COM.pdf
2006	15	2	DOCUMENTO UNICO	https://documenti.camera.it/_dati/leg15/lavori/documentiparlamentari/IndiceETesti/067/002/INTERO_COM.pdf
2005	15	1	DOCUMENTO UNICO	https://documenti.camera.it/_dati/leg15/lavori/documentiparlamentari/IndiceETesti/067/001_RS/INTERO_COM.pdf
2004	14	4	DOCUMENTO UNICO	https://documenti.camera.it/_dati/leg14/lavori/documentiparlamentari/IndiceETesti/067/004/INTERO.pdf
2003	14	3	DOCUMENTO UNICO	https://documenti.camera.it/_dati/leg14/lavori/documentiparlamentari/IndiceETesti/067/003_RS/INTERO.pdf
2002	14	2	DOCUMENTO UNICO	https://documenti.camera.it/_dati/leg14/lavori/documentiparlamentari/IndiceETesti/067/002/INTERO.pdf
2001	14	1	DOCUMENTO UNICO	https://documenti.camera.it/_dati/leg14/lavori/documentiparlamentari/IndiceETesti/067/001_RS/INTERO.pdf
